{"train": {"loss": 0.30411896109580994, "acc": 0.8857142925262451}, "_runtime": 221, "_timestamp": 1642626096, "_step": 2999, "val": {"loss": 1.5175443887710571, "acc": 0.6380000114440918}, "test": {"acc": 0.6579999923706055}, "gradients/conv2.bias": {"_type": "histogram", "values": [1.0, 0.0, 0.0, 0.0, 0.0, 0.0, 0.0, 0.0, 0.0, 0.0, 0.0, 0.0, 0.0, 0.0, 0.0, 0.0, 0.0, 0.0, 0.0, 0.0, 0.0, 0.0, 0.0, 0.0, 0.0, 0.0, 0.0, 0.0, 0.0, 0.0, 0.0, 1.0, 0.0, 0.0, 0.0, 0.0, 1.0, 1.0, 0.0, 0.0, 0.0, 0.0, 0.0, 0.0, 0.0, 0.0, 0.0, 0.0, 0.0, 0.0, 0.0, 0.0, 0.0, 1.0, 0.0, 0.0, 0.0, 0.0, 0.0, 0.0, 0.0, 0.0, 1.0, 1.0], "bins": [-0.017485007643699646, -0.017057491466403008, -0.01662997528910637, -0.01620246097445488, -0.01577494479715824, -0.015347428619861603, -0.014919912442564964, -0.0144923971965909, -0.014064881950616837, -0.013637365773320198, -0.013209850527346134, -0.012782334350049496, -0.012354819104075432, -0.011927302926778793, -0.011499786749482155, -0.011072271503508091, -0.010644755326211452, -0.010217239148914814, -0.00978972390294075, -0.009362207725644112, -0.008934692479670048, -0.00850717630237341, -0.008079661056399345, -0.007652144879102707, -0.007224628701806068, -0.006797112990170717, -0.006369597278535366, -0.005942081101238728, -0.005514565855264664, -0.005087049677968025, -0.004659533966332674, -0.004232018254697323, -0.003804503008723259, -0.003376987297087908, -0.0029494715854525566, -0.0025219556409865618, -0.0020944399293512106, -0.0016669242177158594, -0.0012394082732498646, -0.0008118925616145134, -0.0003843773156404495, 4.313845420256257e-05, 0.00047065422404557467, 0.0008981700520962477, 0.0013256857637315989, 0.00175320147536695, 0.002180717419832945, 0.002608233131468296, 0.0030357493087649345, 0.0034632650204002857, 0.003890780732035637, 0.004318296909332275, 0.004745812155306339, 0.005173328332602978, 0.005600844044238329, 0.00602835975587368, 0.006455875467509031, 0.0068833911791443825, 0.007310906890779734, 0.007738422602415085, 0.008165938779711723, 0.008593454025685787, 0.009020970202982426, 0.00944848544895649, 0.009876001626253128]}, "gradients/conv2.att_dst": {"_type": "histogram", "values": [1.0, 0.0, 0.0, 0.0, 0.0, 0.0, 0.0, 0.0, 0.0, 0.0, 0.0, 1.0, 0.0, 0.0, 0.0, 0.0, 0.0, 0.0, 0.0, 0.0, 0.0, 0.0, 0.0, 0.0, 1.0, 0.0, 0.0, 0.0, 0.0, 0.0, 0.0, 0.0, 0.0, 0.0, 1.0, 0.0, 0.0, 0.0, 0.0, 0.0, 0.0, 0.0, 1.0, 0.0, 0.0, 0.0, 0.0, 0.0, 0.0, 0.0, 0.0, 0.0, 0.0, 0.0, 0.0, 0.0, 0.0, 0.0, 0.0, 0.0, 0.0, 0.0, 1.0, 1.0], "bins": [-1.5544685538770864e-09, -1.5244467910235926e-09, -1.4944250281700988e-09, -1.464403265316605e-09, -1.4343815024631112e-09, -1.4043597396096175e-09, -1.3743379767561237e-09, -1.3443161028803274e-09, -1.3142943400268337e-09, -1.2842725771733399e-09, -1.254250814319846e-09, -1.2242290514663523e-09, -1.1942072886128585e-09, -1.1641854147370623e-09, -1.1341636518835685e-09, -1.1041418890300747e-09, -1.074120126176581e-09, -1.0440983633230871e-09, -1.0140766004695934e-09, -9.840548376160996e-10, -9.540330747626058e-10, -9.240112563979608e-10, -8.93989493544467e-10, -8.639677306909732e-10, -8.339460233486307e-10, -8.039242604951369e-10, -7.739024976416431e-10, -7.438807347881493e-10, -7.138589164235043e-10, -6.838371535700105e-10, -6.538153907165167e-10, -6.237936278630229e-10, -5.937718094983779e-10, -5.637500466448842e-10, -5.337282837913904e-10, -5.037065209378966e-10, -4.736847025732516e-10, -4.436629397197578e-10, -4.13641176866264e-10, -3.836194140127702e-10, -3.535975956481252e-10, -3.235758327946314e-10, -2.93554042185562e-10, -2.6353227933206824e-10, -2.3351048872299884e-10, -2.0348872586950506e-10, -1.7346696301601128e-10, -1.4344518628472969e-10, -1.1342343730902371e-10, -8.340166057774212e-11, -5.3379890785354434e-11, -2.3358120992966747e-11, 6.663655738314844e-12, 3.6685432469596435e-11, 6.670719532309022e-11, 9.672897205437181e-11, 1.267507487856534e-10, 1.56772525516935e-10, 1.8679430224821658e-10, 2.1681606510171036e-10, 2.4683782795520415e-10, 2.7685961856427355e-10, 3.0688138141776733e-10, 3.3690317202683673e-10, 3.669249348803305e-10]}, "gradients/conv2.att_src": {"_type": "histogram", "values": [1.0, 0.0, 1.0, 0.0, 1.0, 0.0, 0.0, 1.0, 0.0, 0.0, 0.0, 0.0, 0.0, 1.0, 0.0, 0.0, 1.0, 0.0, 0.0, 0.0, 0.0, 0.0, 0.0, 0.0, 0.0, 0.0, 0.0, 0.0, 0.0, 0.0, 0.0, 0.0, 0.0, 0.0, 0.0, 0.0, 0.0, 0.0, 0.0, 0.0, 0.0, 0.0, 0.0, 0.0, 0.0, 0.0, 0.0, 0.0, 0.0, 0.0, 0.0, 0.0, 0.0, 0.0, 0.0, 0.0, 0.0, 0.0, 0.0, 0.0, 0.0, 0.0, 0.0, 1.0], "bins": [-0.005257737822830677, -0.005023899953812361, -0.004790062550455332, -0.0045562246814370155, -0.004322386812418699, -0.00408854940906167, -0.003854711540043354, -0.0036208739038556814, -0.003387036267668009, -0.003153198631480336, -0.00291936076246202, -0.0026855231262743473, -0.0024516854900866747, -0.002217847853899002, -0.001984009984880686, -0.0017501723486930132, -0.001516334479674697, -0.0012824967270717025, -0.0010486590908840299, -0.0008148213382810354, -0.0005809836438857019, -0.00034714594949036837, -0.00011330819688737392, 0.00012052943930029869, 0.00035436730831861496, 0.0005882050027139485, 0.000822042697109282, 0.0010558804497122765, 0.001289718085899949, 0.0015235558385029435, 0.001757393591105938, 0.0019912312272936106, 0.002225068863481283, 0.002458906499668956, 0.002692744368687272, 0.0029265820048749447, 0.0031604196410626173, 0.00339425727725029, 0.003628095146268606, 0.003861932782456279, 0.004095770418643951, 0.004329608287662268, 0.004563445691019297, 0.004797283560037613, 0.005031121429055929, 0.005264958832412958, 0.005498796701431274, 0.005732634104788303, 0.005966472439467907, 0.006200310308486223, 0.006434147711843252, 0.0066679855808615685, 0.006901823449879885, 0.007135660853236914, 0.00736949872225523, 0.007603336125612259, 0.007837173528969288, 0.008071010932326317, 0.00830484926700592, 0.00853868667036295, 0.008772524073719978, 0.009006362408399582, 0.009240199811756611, 0.00947403721511364, 0.009707875549793243]}, "gradients/conv2.lin_src.weight": {"_type": "histogram", "values": [1.0, 0.0, 0.0, 0.0, 0.0, 0.0, 0.0, 0.0, 0.0, 0.0, 0.0, 2.0, 0.0, 1.0, 1.0, 0.0, 1.0, 1.0, 0.0, 2.0, 1.0, 7.0, 7.0, 5.0, 8.0, 15.0, 15.0, 43.0, 53.0, 70.0, 58.0, 55.0, 29.0, 29.0, 19.0, 11.0, 2.0, 3.0, 2.0, 2.0, 1.0, 0.0, 0.0, 1.0, 0.0, 0.0, 1.0, 0.0, 0.0, 1.0, 0.0, 0.0, 0.0, 0.0, 0.0, 0.0, 0.0, 0.0, 0.0, 0.0, 0.0, 0.0, 0.0, 1.0], "bins": [-0.006892726756632328, -0.006658714730292559, -0.006424702238291502, -0.006190690211951733, -0.005956677719950676, -0.005722665693610907, -0.005488653667271137, -0.005254641175270081, -0.005020629148930311, -0.004786617122590542, -0.004552604630589485, -0.004318592604249716, -0.0040845805779099464, -0.0038505680859088898, -0.0036165560595691204, -0.0033825438003987074, -0.0031485315412282944, -0.0029145192820578814, -0.0026805070228874683, -0.002446494996547699, -0.002212482737377286, -0.001978470478206873, -0.0017444583354517817, -0.0015104461926966906, -0.0012764339335262775, -0.0010424216743558645, -0.0008084095316007733, -0.0005743973306380212, -0.0003403851296752691, -0.00010637287050485611, 0.00012763927225023508, 0.00036165141500532627, 0.0005956636741757393, 0.0008296758751384914, 0.0010636880761012435, 0.0012977002188563347, 0.0015317124780267477, 0.0017657247371971607, 0.00199973676353693, 0.002233749022707343, 0.002467761281877756, 0.002701773541048169, 0.002935785800218582, 0.0031697978265583515, 0.0034038100857287645, 0.0036378223448991776, 0.003871834371238947, 0.004105846397578716, 0.004339858889579773, 0.004573870915919542, 0.004807883407920599, 0.005041895434260368, 0.005275907926261425, 0.005509919952601194, 0.005743931978940964, 0.00597794447094202, 0.00621195649728179, 0.006445968523621559, 0.006679981015622616, 0.006913993041962385, 0.0071480050683021545, 0.007382017560303211, 0.007616029586642981, 0.00785004161298275, 0.008084054104983807]}, "gradients/conv1.bias": {"_type": "histogram",