{"train": {"loss": 0.28734472393989563, "acc": 1.0}, "_runtime": 153, "_timestamp": 1642675861, "_step": 1499, "val": {"loss": 0.957253634929657, "acc": 0.7739999890327454}, "test": {"acc": 0.800000011920929}, "_wandb": {"runtime": 151}}