{"train": {"loss": 0.0057619609870016575, "acc": 1.0}, "_runtime": 19, "_timestamp": 1642585164, "_step": 599, "val": {"loss": 0.7265917062759399, "acc": 0.77}, "test": {"loss": 0.6215900182723999, "acc": 0.805}, "_wandb": {"runtime": 17}}