{"train": {"loss": 0.03654543682932854, "acc": 0.9928571581840515}, "_runtime": 10, "_timestamp": 1642623973, "_step": 599, "val": {"loss": 0.8926102519035339, "acc": 0.7179999947547913}, "test": {"acc": 0.7540000081062317}, "_wandb": {"runtime": 8}}