{"train": {"loss": 0.28734466433525085, "acc": 0.8928571343421936}, "_runtime": 113, "_timestamp": 1642624783, "_step": 1499, "val": {"loss": 1.3571417331695557, "acc": 0.6539999842643738}, "test": {"acc": 0.6510000228881836}, "_wandb": {"runtime": 111}}