{"train": {"loss": 0.2864477038383484, "acc": 0.8928571343421936}, "_runtime": 135, "_timestamp": 1642624279, "_step": 1499, "val": {"loss": 1.1461979150772095, "acc": 0.6679999828338623}, "test": {"acc": 0.6510000228881836}, "_wandb": {"runtime": 133}}