{"train": {"loss": 0.31151995062828064, "acc": 0.8857142925262451}, "_runtime": 215, "_timestamp": 1642625289, "_step": 2999, "val": {"loss": 1.4577499628067017, "acc": 0.6340000033378601}, "test": {"acc": 0.6570000052452087}, "gradients/conv2.bias": {"_type": "histogram", "values": [1.0, 0.0, 0.0, 0.0, 0.0, 0.0, 0.0, 0.0, 0.0, 0.0, 0.0, 0.0, 0.0, 0.0, 0.0, 0.0, 0.0, 0.0, 0.0, 0.0, 0.0, 0.0, 0.0, 0.0, 0.0, 1.0, 0.0, 0.0, 0.0, 0.0, 0.0, 0.0, 1.0, 0.0, 0.0, 0.0, 0.0, 0.0, 0.0, 1.0, 0.0, 0.0, 0.0, 0.0, 1.0, 0.0, 1.0, 0.0, 0.0, 0.0, 0.0, 0.0, 0.0, 0.0, 0.0, 0.0, 0.0, 0.0, 0.0, 0.0, 0.0, 0.0, 0.0, 1.0], "bins": [-0.016419965773820877, -0.0159621424973011, -0.015504320152103901, -0.015046496875584126, -0.01458867359906435, -0.01413085125386715, -0.013673027977347374, -0.013215204700827599, -0.012757381424307823, -0.012299558147788048, -0.011841735802590847, -0.011383912526071072, -0.010926089249551296, -0.010468266904354095, -0.01001044362783432, -0.009552620351314545, -0.009094798006117344, -0.008636974729597569, -0.008179152384400368, -0.007721329107880592, -0.007263505831360817, -0.006805683020502329, -0.006347860209643841, -0.005890036933124065, -0.005432214587926865, -0.0049743917770683765, -0.004516568500548601, -0.004058745689690113, -0.0036009226460009813, -0.0031430996023118496, -0.0026852767914533615, -0.0022274537477642298, -0.0017696293070912361, -0.0013118062634021044, -0.0008539833361282945, -0.00039616040885448456, 6.166263483464718e-05, 0.0005194856785237789, 0.000977308489382267, 0.0014351315330713987, 0.0018929550424218178, 0.0023507780861109495, 0.0028086011298000813, 0.0032664239406585693, 0.003724246984347701, 0.004182070028036833, 0.004639892838895321, 0.005097716115415096, 0.005555538460612297, 0.006013361271470785, 0.0064711845479905605, 0.006929007358849049, 0.007386830635368824, 0.007844652980566025, 0.0083024762570858, 0.008760299533605576, 0.009218122810125351, 0.009675946086645126, 0.010133768431842327, 0.010591591708362103, 0.011049414984881878, 0.011507237330079079, 0.011965060606598854, 0.01242288388311863, 0.01288070622831583]}, "gradients/conv2.att_dst": {"_type": "histogram", "values": [3.0, 0.0, 0.0, 0.0, 0.0, 0.0, 0.0, 0.0, 0.0, 0.0, 0.0, 0.0, 0.0, 1.0, 0.0, 0.0, 0.0, 0.0, 0.0, 0.0, 0.0, 0.0, 0.0, 0.0, 0.0, 0.0, 0.0, 0.0, 0.0, 0.0, 1.0, 0.0, 0.0, 0.0, 0.0, 0.0, 0.0, 0.0, 0.0, 0.0, 0.0, 0.0, 0.0, 0.0, 0.0, 0.0, 0.0, 0.0, 0.0, 0.0, 0.0, 0.0, 0.0, 0.0, 0.0, 0.0, 0.0, 0.0, 0.0, 1.0, 0.0, 0.0, 0.0, 1.0], "bins": [-2.9456255212778615e-09, -2.8648858840796265e-09, -2.7841462468813916e-09, -2.7034068317277615e-09, -2.6226671945295266e-09, -2.5419275573312916e-09, -2.4611879201330567e-09, -2.3804482829348217e-09, -2.2997088677811917e-09, -2.2189692305829567e-09, -2.1382295933847217e-09, -2.0574901782310917e-09, -1.9767505410328567e-09, -1.8960109038346218e-09, -1.8152712666363868e-09, -1.7345316294381519e-09, -1.653791992239917e-09, -1.573052355041682e-09, -1.4923128288657495e-09, -1.4115731916675145e-09, -1.330833665491582e-09, -1.250094028293347e-09, -1.169354391095112e-09, -1.0886147538968771e-09, -1.0078751166986422e-09, -9.271355350115584e-10, -8.463959533244747e-10, -7.656563161262397e-10, -6.84916734439156e-10, -6.041771527520723e-10, -5.234375155538373e-10, -4.426979338667536e-10, -3.619582411573674e-10, -2.812186594702837e-10, -2.0047905002762434e-10, -1.19739440584965e-10, -3.899985889788127e-11, 4.173972278920246e-11, 1.2247935998743742e-10, 2.0321894167452115e-10, 2.839584123393024e-10, 3.6469799402638614e-10, 4.454376034690455e-10, 5.261772129117048e-10, 6.069167945987886e-10, 6.876563762858723e-10, 7.683960134841072e-10, 8.49135595171191e-10, 9.298752878805772e-10, 1.0106149250788121e-09, 1.0913544512547446e-09, 1.1720940884529796e-09, 1.252833614628912e-09, 1.333573251827147e-09, 1.414312889025382e-09, 1.495052526223617e-09, 1.5757920523995494e-09, 1.6565316895977844e-09, 1.737271215773717e-09, 1.8180108529719519e-09, 1.898750490170187e-09, 1.979489905323817e-09, 2.0602297645666567e-09, 2.1409691797202868e-09, 2.2217088169185217e-09]}, "gradients/conv2.att_src": {"_type": "histogram", "values": [1.0, 0.0, 0.0, 0.0, 0.0, 0.0, 0.0, 0.0, 0.0, 0.0, 0.0, 1.0, 0.0, 0.0, 1.0, 0.0, 0.0, 0.0, 0.0, 2.0, 0.0, 0.0, 1.0, 0.0, 0.0, 0.0, 0.0, 0.0, 0.0, 0.0, 0.0, 0.0, 0.0, 0.0, 0.0, 0.0, 0.0, 0.0, 0.0, 0.0, 0.0, 0.0, 0.0, 0.0, 0.0, 0.0, 0.0, 0.0, 0.0, 0.0, 0.0, 0.0, 0.0, 0.0, 0.0, 0.0, 0.0, 0.0, 0.0, 0.0, 0.0, 0.0, 0.0, 1.0], "bins": [-0.03433026000857353, -0.03313411772251129, -0.03193797543644905, -0.03074183315038681, -0.02954569086432457, -0.02834954857826233, -0.027153408154845238, -0.025957265868782997, -0.024761123582720757, -0.023564981296658516, -0.022368839010596275, -0.021172696724534035, -0.019976556301116943, -0.018780414015054703, -0.017584271728992462, -0.01638812944293022, -0.015191987156867981, -0.01399584487080574, -0.0127997025847435, -0.011603561230003834, -0.010407418943941593, -0.009211276657879353, -0.008015135303139687, -0.006818993017077446, -0.005622850731015205, -0.004426708444952965, -0.0032305666245520115, -0.0020344245713204145, -0.0008382825180888176, 0.000357859767973423, 0.0015540015883743763, 0.0027501434087753296, 0.003946289420127869, 0.005142431706190109, 0.0063385735265910625, 0.007534715346992016, 0.008730857633054256, 0.009926999919116497, 0.011123141273856163, 0.012319283559918404, 0.013515425845980644, 0.014711568132042885, 0.015907710418105125, 0.017103852704167366, 0.018299993127584457, 0.019496135413646698, 0.02069227769970894, 0.02188841998577118, 0.02308456227183342, 0.02428070455789566, 0.0254768468439579, 0.02667298913002014, 0.027869131416082382, 0.029065273702144623, 0.030261414125561714, 0.031457558274269104, 0.032653696835041046, 0.03384983912110329, 0.03504598140716553, 0.03624212369322777, 0.03743826597929001, 0.03863440826535225, 0.03983055055141449, 0.04102668911218643, 0.04222283512353897]}, "gradients/conv2.lin_src.weight": {"_type": "histogram", "values": [1.0, 0.0, 0.0, 0.0, 0.0, 0.0, 0.0, 0.0, 2.0, 2.0, 0.0, 3.0, 0.0, 2.0, 3.0, 2.0, 4.0, 4.0, 6.0, 3.0, 10.0, 10.0, 14.0, 16.0, 20.0, 23.0, 24.0, 36.0, 30.0, 45.0, 37.0, 27.0, 19.0, 9.0, 13.0, 9.0, 13.0, 9.0, 6.0, 8.0, 9.0, 5.0, 8.0, 1.0, 4.0, 2.0, 2.0, 1.0, 2.0, 1.0, 1.0, 0.0, 0.0, 0.0, 0.0, 1.0, 0.0, 0.0, 0.0, 0.0, 0.0, 0.0, 0.0, 1.0], "bins": [-0.006659982725977898, -0.006422725040465593, -0.006185467354953289, -0.005948210135102272, -0.005710952449589968, -0.005473694764077663, -0.005236437078565359, -0.004999179393053055, -0.004761922173202038, -0.0045246644876897335, -0.004287406802177429, -0.004050149582326412, -0.003812891896814108, -0.0035756342113018036, -0.0033383765257894993, -0.0031011190731078386, -0.0028638613875955343, -0.00262660370208323, -0.0023893462494015694, -0.002152088563889265, -0.0019148311112076044, -0.0016775734256953, -0.0014403158565983176, -0.0012030582875013351, -0.0009658006019890308, -0.0007285430328920484, -0.0004912854637950659, -0.0002540278364904225, -1.6770267393440008e-05, 0.00022048735991120338, 0.00045774492900818586, 0.0006950024981051683, 0.000932259950786829, 0.0011695175198838115, 0.001406775088980794, 0.0016440327744930983, 0.001881290227174759, 0.0021185479126870632, 0.0023558055981993675, 0.002593063050881028, 0.002830320503562689, 0.003067578189074993, 0.003304835641756654, 0.003542093327268958, 0.0037793507799506187, 0.004016608465462923, 0.004253866150975227, 0.004491123370826244, 0.004728381521999836, 0.00496563920751214, 0.005202896893024445, 0.005440154112875462, 0.005677411798387766, 0.00591466948390007, 0.0061519271694123745, 0.006389184854924679, 0.006626442074775696, 0.006863699760288, 0.007100957445800304, 0.007338214665651321, 0.007575472351163626, 0.00781273003667593, 0.008049987256526947, 0.008287245407700539, 0.008524502627551556]}, "gradients/conv1.bias": {"_type": "histogram",