{"train": {"loss": 0.3496619164943695, "acc": 1.0}, "_runtime": 252, "_timestamp": 1642628445, "_step": 1826, "val": {"loss": 0.928816556930542, "acc": 0.7559999823570251}, "test": {"acc": 0.8009999990463257}}