{"train": {"loss": 0.2873447835445404, "acc": 1.0}, "_runtime": 218, "_timestamp": 1642628670, "_step": 1499, "val": {"loss": 0.9572533965110779, "acc": 0.7739999890327454}, "test": {"acc": 0.800000011920929}, "_wandb": {"runtime": 216}}