{"train": {"loss": 0.019529609009623528, "acc": 1.0}, "_runtime": 17, "_timestamp": 1642624068, "_step": 1499, "val": {"loss": 0.9237654209136963, "acc": 0.7419999837875366}, "test": {"acc": 0.7680000066757202}, "_wandb": {"runtime": 14}}