{"train": {"loss": 0.03654543682932854, "acc": 1.0}, "_runtime": 12, "_timestamp": 1642628141, "_step": 599, "val": {"loss": 0.7265918254852295, "acc": 0.7699999809265137}, "test": {"acc": 0.8050000071525574}, "_wandb": {"runtime": 10}}