{"train": {"loss": 0.6931472718715668, "acc": 0.553473623522629}, "_runtime": 193, "_timestamp": 1642517762, "_step": 86, "val": {"loss": 0, "acc": 0}, "test": {"loss": 0.6931471824645996, "acc": 0.554147465437788}}